Model,MSE,RMSE,MAE,Accuracy (%)
Fisher Score,124.95915,11.178513,6.766038,90.56557875532131
mRMR,128.69125,11.344216,6.7547107,89.86012568416784
Raw Features,133.44954,11.552036,7.000118,89.77498479627002
Baseline (Naive),217.54787,14.749504,9.7208185,80.90411514291506
Manual Features,236.26846,15.371027,10.35164,78.08230285830123
PCA,312.85083,17.68759,12.30191,71.29535779444556
