Model,MSE,RMSE,MAE,Accuracy (%),MAPE (%),MAPE Accuracy (%)
Raw Features,121.4868,11.022105,6.6008043,90.78045814,4.415787,95.58421
Fisher Score,126.202736,11.233999,6.6512485,90.13987432,4.3644705,95.63553
mRMR,126.226006,11.235035,6.6939526,90.13987432,4.4361515,95.56385
Baseline (Naive),217.54787,14.749504,9.7208185,80.90411514,6.409017,93.59098
Manual Features,239.36972,15.471578,10.751514,76.47273464,7.3792458,92.62076
PCA,260.92358,16.15313,11.171751,74.48611393,7.691268,92.30873
